id,kanji,english_meaning,introduced_level,compound_count,compound_refs
N1_K0001,郎,young man; son,N1,1,N1_V0001
N1_K0002,結,tie; bind; conclude,N1,2,N1_V0002 N1_V0198
N1_K0003,氏,family name; clan,N1,1,N1_V0003
N1_K0004,衛,defense; guard,N1,1,N1_V0004
N1_K0005,第,ordinal prefix,N1,1,N1_V0005
N1_K0006,保,protect; preserve,N1,1,N1_V0006
N1_K0007,義,justice; meaning; duty,N1,1,N1_V0007
N1_K0008,吉,good luck,N1,2,N1_V0008 N1_V0625
N1_K0009,士,warrior; professional,N1,4,N1_V0009 N1_V0129 N1_V0366 N1_V0709
N1_K0010,藤,wisteria,N1,1,N1_V0010
N1_K0011,井,well,N1,1,N1_V0011
N1_K0012,江,inlet; bay,N1,1,N1_V0012
N1_K0013,張,stretch; spread,N1,3,N1_V0013 N1_V0409 N1_V0465
N1_K0014,松,pine tree,N1,1,N1_V0014
N1_K0015,応,respond; apply,N1,2,N1_V0015 N1_V0303
N1_K0016,視,look; regard,N1,1,N1_V0016
N1_K0017,態,condition; attitude,N1,2,N1_V0017 N1_V0797
N1_K0018,姿,figure; appearance,N1,1,N1_V0018
N1_K0019,皇,emperor; imperial,N1,3,N1_V0019 N1_V0162 N1_V0649
N1_K0020,宮,palace; shrine,N1,1,N1_V0020
N1_K0021,離,separate; detach,N1,3,N1_V0021 N1_V0304 N1_V1086
N1_K0022,基,base; foundation,N1,3,N1_V0022 N1_V0321 N1_V0556
N1_K0023,隊,group; corps,N1,1,N1_V0023
N1_K0024,素,element; plain,N1,4,N1_V0024 N1_V0216 N1_V0720 N1_V0979
N1_K0025,価,value; price,N1,3,N1_V0025 N1_V0056 N1_V1017
N1_K0026,撃,attack; strike,N1,2,N1_V0026 N1_V0174
N1_K0027,振,shake; swing,N1,1,N1_V0027
N1_K0028,証,proof; certificate,N1,1,N1_V0028
N1_K0029,派,faction; school,N1,1,N1_V0029
N1_K0030,僕,I; servant,N1,1,N1_V0030
N1_K0031,佐,assist; help,N1,1,N1_V0031
N1_K0032,紀,chronicle; era,N1,1,N1_V0032
N1_K0033,統,govern; unite,N1,1,N1_V0033
N1_K0034,器,vessel; instrument,N1,5,N1_V0034 N1_V0196 N1_V0592 N1_V0669 N1_V0885
N1_K0035,異,different; unusual,N1,2,N1_V0035 N1_V0102
N1_K0036,護,protect; defend,N1,4,N1_V0006 N1_V0009 N1_V0264 N1_V0743
N1_K0037,条,clause; article,N1,1,N1_V0036
N1_K0038,独,alone; independent,N1,2,N1_V0037 N1_V0439
N1_K0039,源,source; origin,N1,1,N1_V0038
N1_K0040,影,shadow; influence,N1,2,N1_V0039 N1_V0187
N1_K0041,眼,eye,N1,1,N1_V0040
N1_K0042,企,plan; undertake,N1,1,N1_V0041
N1_K0043,津,harbor; ferry,N1,1,N1_V0042
N1_K0044,案,plan; proposal,N1,1,N1_V0043
N1_K0045,策,plan; policy,N1,1,N1_V0044
N1_K0046,宗,religion; sect,N1,1,N1_V0045
N1_K0047,提,present; propose,N1,2,N1_V0043 N1_V0046
N1_K0048,昭,bright; clear,N1,1,N1_V0047
N1_K0049,密,dense; secret,N1,1,N1_V0048
N1_K0050,司,administer; director,N1,1,N1_V0049
N1_K0051,検,examine; inspect,N1,3,N1_V0050 N1_V0353 N1_V0657
N1_K0052,康,health; peace,N1,1,N1_V0051
N1_K0053,沢,swamp; abundance,N1,2,N1_V0052 N1_V0609
N1_K0054,秀,excel; outstanding,N1,1,N1_V0053
N1_K0055,興,interest; prosper,N1,1,N1_V0054
N1_K0056,率,rate; ratio,N1,1,N1_V0055
N1_K0057,評,evaluate; comment,N1,1,N1_V0056
N1_K0058,監,oversee,N1,2,N1_V0057 N1_V0445
N1_K0059,崎,cape; promontory,N1,1,N1_V0058
N1_K0060,鮮,fresh; vivid,N1,1,N1_V0059
N1_K0061,激,violent; intense,N1,2,N1_V0060 N1_V0593
N1_K0062,徳,virtue,N1,1,N1_V0061
N1_K0063,挙,raise; conduct,N1,1,N1_V0062
N1_K0064,志,intention; aspiration,N1,1,N1_V0063
N1_K0065,敷,spread; lay,N1,1,N1_V0064
N1_K0066,系,system; lineage,N1,1,N1_V0065
N1_K0067,織,weave; fabric,N1,2,N1_V0066 N1_V0793
N1_K0068,製,manufacture,N1,1,N1_V0067
N1_K0069,端,edge; end,N1,1,N1_V0068
N1_K0070,遺,leave behind,N1,2,N1_V0069 N1_V1060
N1_K0071,房,room; cluster,N1,1,N1_V0070
N1_K0072,街,street; town,N1,1,N1_V0071
N1_K0073,尾,tail; end,N1,1,N1_V0072
N1_K0074,株,stock; share,N1,1,N1_V0073
N1_K0075,従,follow; obey,N1,2,N1_V0074 N1_V0290
N1_K0076,敵,enemy; opponent,N1,1,N1_V0075
N1_K0077,展,expand; exhibit,N1,1,N1_V0076
N1_K0078,描,draw; depict,N1,1,N1_V0077
N1_K0079,修,discipline; repair,N1,2,N1_V0078 N1_V1003
N1_K0080,我,self; ego,N1,1,N1_V0079
N1_K0081,載,load; publish,N1,2,N1_V0080 N1_V0852
N1_K0082,響,echo; influence,N1,1,N1_V0039
N1_K0083,秘,secret,N1,1,N1_V0048
N1_K0084,攻,attack,N1,1,N1_V0026
N1_K0085,健,healthy; strong,N1,2,N1_V0051 N1_V0543
N1_K0086,裁,judge; cut,N1,2,N1_V0081 N1_V0704
N1_K0087,隠,hide; conceal,N1,2,N1_V0082 N1_V0961
N1_K0088,環,ring; environment,N1,2,N1_V0083 N1_V0791
N1_K0089,援,aid; assist,N1,1,N1_V0084
N1_K0090,故,reason; deceased,N1,2,N1_V0085 N1_V0152
N1_K0091,幕,curtain;幕府,N1,1,N1_V0086
N1_K0092,督,supervise,N1,1,N1_V0057
N1_K0093,倉,warehouse,N1,2,N1_V0087 N1_V0469
N1_K0094,施,carry out; bestow,N1,1,N1_V0088
N1_K0095,嫌,dislike; hate,N1,1,N1_V0089
N1_K0096,継,succeed; inherit,N1,2,N1_V0090 N1_V0859
N1_K0097,障,hinder; obstacle,N1,2,N1_V0085 N1_V0091
N1_K0098,貴,precious; noble,N1,1,N1_V0092
N1_K0099,整,arrange; organize,N1,1,N1_V0093
N1_K0100,衆,masses; multitude,N1,1,N1_V0094
N1_K0101,及,reach; extend,N1,2,N1_V0095 N1_V0993
N1_K0102,盛,prosper;盛る,N1,3,N1_V0096 N1_V0309 N1_V1014
N1_K0103,玄,mysterious; profound,N1,1,N1_V0097
N1_K0104,恵,blessing; favor,N1,1,N1_V0098
N1_K0105,授,grant; teach,N1,1,N1_V0099
N1_K0106,弾,bullet;弹,N1,4,N1_V0100 N1_V0218 N1_V0992 N1_V1069
N1_K0107,養,foster; nourish,N1,5,N1_V0101 N1_V0700 N1_V0833 N1_V0838 N1_V1055
N1_K0108,驚,surprise; astonish,N1,1,N1_V0102
N1_K0109,奈,phonetic kanji; Nara element,N1,1,N1_V0103
N1_K0110,推,infer; recommend,N1,1,N1_V0104
N1_K0111,樹,tree; timber,N1,1,N1_V0105
N1_K0112,為,do; cause; sake,N1,1,N1_V0106
N1_K0113,雄,male; hero,N1,2,N1_V0107 N1_V0995
N1_K0114,刀,sword; blade,N1,1,N1_V0108
N1_K0115,弁,speech; valve; discriminate,N1,2,N1_V0009 N1_V0109
N1_K0116,妙,strange; exquisite,N1,1,N1_V0110
N1_K0117,模,model; pattern,N1,3,N1_V0111 N1_V0950 N1_V0969
N1_K0118,抗,resist; oppose,N1,1,N1_V0112
N1_K0119,級,grade; class,N1,1,N1_V0113
N1_K0120,瞬,blink; instant,N1,1,N1_V0114
N1_K0121,称,name; title; praise,N1,1,N1_V0115
N1_K0122,華,splendor; flower,N1,2,N1_V0116 N1_V0389
N1_K0123,傷,wound; injury,N1,2,N1_V0117 N1_V0767
N1_K0124,闘,fight; struggle,N1,1,N1_V0118
N1_K0125,筋,muscle; line,N1,1,N1_V0119
N1_K0126,訳,reason; translation,N1,1,N1_V0120
N1_K0127,射,shoot; radiate,N1,1,N1_V0121
N1_K0128,善,good; virtue,N1,2,N1_V0122 N1_V0740
N1_K0129,黙,silence,N1,2,N1_V0123 N1_V0987
N1_K0130,柄,handle; pattern; character,N1,2,N1_V0124 N1_V0468
N1_K0131,刑,punishment,N1,1,N1_V0125
N1_K0132,節,season; section; joint,N1,2,N1_V0126 N1_V0419
N1_K0133,脱,remove; escape,N1,2,N1_V0127 N1_V0547
N1_K0134,厳,strict; severe,N1,1,N1_V0128
N1_K0135,博,extensive; doctor,N1,2,N1_V0129 N1_V0630
N1_K0136,陣,camp; battle formation,N1,1,N1_V0130
N1_K0137,奇,strange; odd,N1,1,N1_V0131
N1_K0138,忠,loyalty,N1,1,N1_V0132
N1_K0139,染,dye; stain,N1,1,N1_V0133
N1_K0140,微,tiny; delicate,N1,1,N1_V0110
N1_K0141,標,mark; standard,N1,1,N1_V0134
N1_K0142,縁,relation; edge,N1,1,N1_V0135
N1_K0143,壁,wall,N1,1,N1_V0136
N1_K0144,駆,drive; gallop,N1,1,N1_V0137
N1_K0145,麻,hemp;麻,N1,1,N1_V0138
N1_K0146,甲,armor; first class,N1,1,N1_V0139
N1_K0147,藩,feudal domain,N1,1,N1_V0140
N1_K0148,迫,press; approach,N1,2,N1_V0141 N1_V0420
N1_K0149,踏,step; tread,N1,1,N1_V0142
N1_K0150,討,attack; discuss,N1,1,N1_V0143
N1_K0151,聖,holy; saint,N1,1,N1_V0144
N1_K0152,典,code; ceremony; reference,N1,1,N1_V0145
N1_K0153,剣,sword,N1,1,N1_V0146
N1_K0154,症,symptom; disease,N1,2,N1_V0147 N1_V0392
N1_K0155,納,pay; supply; accept,N1,1,N1_V0148
N1_K0156,弥,increasingly; more and more,N1,1,N1_V0149
N1_K0157,融,melt; finance; harmonize,N1,1,N1_V0150
N1_K0158,浜,beach; seashore,N1,1,N1_V0151
N1_K0159,郷,hometown; countryside,N1,1,N1_V0152
N1_K0160,惑,confuse; doubt,N1,1,N1_V0153
N1_K0161,柳,willow,N1,1,N1_V0154
N1_K0162,拠,base; grounds,N1,1,N1_V0155
N1_K0163,奉,dedicate; serve,N1,1,N1_V0156
N1_K0164,壊,break; destroy,N1,1,N1_V0157
N1_K0165,益,benefit; profit,N1,1,N1_V0158
N1_K0166,句,phrase; clause,N1,1,N1_V0159
N1_K0167,属,belong; genus,N1,2,N1_V0160 N1_V0795
N1_K0168,功,achievement; merit,N1,1,N1_V0161
N1_K0169,帝,emperor,N1,1,N1_V0162
N1_K0170,賀,congratulations,N1,1,N1_V0163
N1_K0171,堀,moat; canal,N1,1,N1_V0164
N1_K0172,創,create; originate,N1,1,N1_V0165
N1_K0173,泣,cry; weep,N1,1,N1_V0166
N1_K0174,憶,remember; recollection,N1,1,N1_V0167
N1_K0175,幹,trunk; core; executive,N1,1,N1_V0168
N1_K0176,露,dew; expose,N1,2,N1_V0169 N1_V0651
N1_K0177,矢,arrow,N1,1,N1_V0170
N1_K0178,握,grip; grasp,N1,2,N1_V0171 N1_V0705
N1_K0179,儀,ceremony; rule,N1,1,N1_V0172
N1_K0180,聴,listen,N1,1,N1_V0173
N1_K0181,襲,attack; inherit,N1,1,N1_V0174
N1_K0182,徴,sign; collect,N1,1,N1_V0175
N1_K0183,丁,street block;丁寧,N1,1,N1_V0176
N1_K0184,憲,constitution; law,N1,1,N1_V0177
N1_K0185,閣,cabinet; tower,N1,1,N1_V0178
N1_K0186,救,rescue; save,N1,1,N1_V0179
N1_K0187,陰,shade; negative,N1,2,N1_V0180 N1_V0280
N1_K0188,繰,wind; repeat,N1,1,N1_V0181
N1_K0189,那,what; phonetic element,N1,1,N1_V0182
N1_K0190,操,operate; chastity,N1,2,N1_V0183 N1_V0502
N1_K0191,騒,make noise; disturb,N1,1,N1_V0184
N1_K0192,己,self,N1,1,N1_V0185
N1_K0193,魔,demon; magic,N1,2,N1_V0186 N1_V0339
N1_K0194,撮,photograph,N1,1,N1_V0187
N1_K0195,携,carry; portable,N1,1,N1_V0188
N1_K0196,隣,neighbor,N1,1,N1_V0189
N1_K0197,宣,proclaim,N1,1,N1_V0190
N1_K0198,遣,dispatch; use,N1,1,N1_V0029
N1_K0199,訴,sue; appeal,N1,1,N1_V0191
N1_K0200,茂,grow thick; luxuriant,N1,1,N1_V0192
N1_K0201,釣,fish; angle,N1,1,N1_V0193
N1_K0202,批,criticize,N1,2,N1_V0194 N1_V1015
N1_K0203,誘,invite; induce,N1,3,N1_V0195 N1_V0461 N1_V0939
N1_K0204,核,nucleus; core,N1,1,N1_V0196
N1_K0205,哲,philosophy; wisdom,N1,1,N1_V0197
N1_K0206,豪,powerful; splendid,N1,1,N1_V0116
N1_K0207,締,tighten; conclude,N1,1,N1_V0198
N1_K0208,鹿,deer,N1,1,N1_V0199
N1_K0209,就,take position; engage,N1,1,N1_V0200
N1_K0210,滅,destroy; perish,N1,1,N1_V0201
N1_K0211,仰,look up; respect,N1,1,N1_V0202
N1_K0212,瀬,rapids; shallows,N1,1,N1_V0203
N1_K0213,致,bring about; do,N1,2,N1_V0204 N1_V0636
N1_K0214,伏,bow down; hide,N1,1,N1_V0205
N1_K0215,杉,cedar,N1,1,N1_V0206
N1_K0216,審,judge; examine,N1,2,N1_V0207 N1_V0994
N1_K0217,避,avoid,N1,1,N1_V0208
N1_K0218,揺,shake; sway,N1,1,N1_V0209
N1_K0219,浦,bay; seashore,N1,1,N1_V0210
N1_K0220,至,arrive; utmost,N1,1,N1_V0211
N1_K0221,裕,abundant;裕福,N1,1,N1_V0212
N1_K0222,盟,alliance; oath,N1,1,N1_V0213
N1_K0223,執,grasp; execute,N1,1,N1_V0214
N1_K0224,崩,collapse; crumble,N1,1,N1_V0157
N1_K0225,鬼,demon; ogre,N1,1,N1_V0215
N1_K0226,酸,acid; sour,N1,3,N1_V0216 N1_V0928 N1_V0966
N1_K0227,拡,expand,N1,1,N1_V0217
N1_K0228,銃,gun,N1,2,N1_V0218 N1_V0729
N1_K0229,維,maintain; fiber,N1,2,N1_V0219 N1_V0703
N1_K0230,縄,rope,N1,2,N1_V0220 N1_V0229
N1_K0231,詩,poem,N1,1,N1_V0221
N1_K0232,廃,abolish; waste,N1,1,N1_V0222
N1_K0233,充,fill; allocate,N1,2,N1_V0223 N1_V1029
N1_K0234,鏡,mirror,N1,2,N1_V0040 N1_V0224
N1_K0235,仮,temporary;假,N1,1,N1_V0225
N1_K0236,吐,spit;吐息,N1,1,N1_V0226
N1_K0237,請,request,N1,1,N1_V0227
N1_K0238,眺,look out; gaze,N1,1,N1_V0228
N1_K0239,沖,offshore,N1,1,N1_V0229
N1_K0240,躍,leap;活躍,N1,2,N1_V0230 N1_V0564
N1_K0241,威,power;威力,N1,2,N1_V0231 N1_V1031
N1_K0242,屈,bend; yield,N1,2,N1_V0232 N1_V0687
N1_K0243,勘,intuition,N1,1,N1_V0233
N1_K0244,徹,penetrate; thorough,N1,1,N1_V0234
N1_K0245,斎,purification; room,N1,1,N1_V0235
N1_K0246,謝,apologize; thank,N1,2,N1_V0236 N1_V0605
N1_K0247,艦,warship,N1,2,N1_V0237 N1_V0915
N1_K0248,催,hold; urge,N1,1,N1_V0238
N1_K0249,舎,building; quarters,N1,1,N1_V0239
N1_K0250,仁,benevolence,N1,1,N1_V0240
N1_K0251,衝,collide; impact,N1,1,N1_V0241
N1_K0252,脚,leg; script,N1,1,N1_V0242
N1_K0253,虎,tiger,N1,1,N1_V0243
N1_K0254,潮,tide,N1,1,N1_V0244
N1_K0255,穴,hole,N1,1,N1_V0245
N1_K0256,怪,suspicious;怪物,N1,2,N1_V0246 N1_V0699
N1_K0257,仙,hermit;仙人,N1,1,N1_V0247
N1_K0258,輝,shine,N1,1,N1_V0248
N1_K0259,緊,tight; urgent,N1,1,N1_V0249
N1_K0260,唇,lips,N1,1,N1_V0250
N1_K0261,忍,endure; stealth,N1,2,N1_V0251 N1_V0654
N1_K0262,狂,mad;狂気,N1,1,N1_V0252
N1_K0263,奪,rob; take by force,N1,1,N1_V0253
N1_K0264,診,diagnose,N1,1,N1_V0254
N1_K0265,竜,dragon,N1,1,N1_V0255
N1_K0266,債,debt; bond,N1,1,N1_V0256
N1_K0267,鈴,bell,N1,1,N1_V0257
N1_K0268,僧,monk,N1,2,N1_V0258 N1_V0817
N1_K0269,掲,post; display,N1,3,N1_V0080 N1_V0259 N1_V0364
N1_K0270,伯,count; earl,N1,1,N1_V0260
N1_K0271,熊,bear,N1,1,N1_V0261
N1_K0272,浪,wave; wandering,N1,1,N1_V0262
N1_K0273,梅,plum,N1,1,N1_V0263
N1_K0274,看,watch; nursing,N1,1,N1_V0264
N1_K0275,俊,talented;俊才,N1,1,N1_V0265
N1_K0276,摘,pick; extract,N1,1,N1_V0266
N1_K0277,項,item; clause,N1,1,N1_V0267
N1_K0278,霊,spirit,N1,2,N1_V0268 N1_V0674
N1_K0279,垣,fence,N1,1,N1_V0269
N1_K0280,慢,arrogant; chronic,N1,4,N1_V0079 N1_V0270 N1_V0768 N1_V0965
N1_K0281,扱,handle; treat,N1,1,N1_V0271
N1_K0282,渉,ford; negotiate,N1,1,N1_V0272
N1_K0283,如,like; as,N1,1,N1_V0273
N1_K0284,縮,shrink,N1,3,N1_V0274 N1_V0498 N1_V0977
N1_K0285,詳,detailed,N1,1,N1_V0275
N1_K0286,旦,dawn,N1,1,N1_V0276
N1_K0287,慮,consider,N1,1,N1_V0277
N1_K0288,雅,elegant,N1,1,N1_V0278
N1_K0289,砲,cannon,N1,1,N1_V0279
N1_K0290,謀,plot; plan,N1,1,N1_V0280
N1_K0291,懐,bosom; nostalgia,N1,1,N1_V0281
N1_K0292,愚,foolish,N1,1,N1_V0282
N1_K0293,舌,tongue,N1,1,N1_V0283
N1_K0294,駄,poor quality; burden,N1,1,N1_V0284
N1_K0295,奴,fellow; servant,N1,1,N1_V0285
N1_K0296,豆,bean,N1,1,N1_V0286
N1_K0297,又,again;また,N1,2,N1_V0287 N1_V0959
N1_K0298,銭,coin; money,N1,2,N1_V0193 N1_V0288
N1_K0299,抑,suppress,N1,1,N1_V0289
N1_K0300,侍,samurai; serve,N1,1,N1_V0290
N1_K0301,宙,midair; space,N1,1,N1_V0291
N1_K0302,範,model; scope,N1,1,N1_V0292
N1_K0303,潜,dive; hide,N1,2,N1_V0205 N1_V0293
N1_K0304,酔,intoxicated,N1,2,N1_V0138 N1_V0294
N1_K0305,呂,spine; musical note,N1,1,N1_V0295
N1_K0306,還,return,N1,1,N1_V0296
N1_K0307,丹,red; sincerity,N1,1,N1_V0297
N1_K0308,亜,sub-; Asia,N1,1,N1_V0298
N1_K0309,亀,turtle,N1,1,N1_V0299
N1_K0310,沼,marsh,N1,1,N1_V0300
N1_K0311,巡,patrol; go around,N1,1,N1_V0301
N1_K0312,臭,smell; odor,N1,1,N1_V0302
N1_K0313,慶,celebrate; joy,N1,1,N1_V0303
N1_K0314,距,distance,N1,1,N1_V0304
N1_K0315,釈,explain; release,N1,1,N1_V0305
N1_K0316,侵,invade,N1,1,N1_V0306
N1_K0317,僚,colleague; official,N1,1,N1_V0307
N1_K0318,悟,understand; enlightenment,N1,1,N1_V0308
N1_K0319,隆,prosper; rise,N1,1,N1_V0309
N1_K0320,裂,split; tear,N1,2,N1_V0299 N1_V0310
N1_K0321,尋,inquire; fathom,N1,1,N1_V0311
N1_K0322,旗,flag,N1,1,N1_V0312
N1_K0323,羅,gauze; spread,N1,1,N1_V0313
N1_K0324,揮,brandish; command,N1,1,N1_V0314
N1_K0325,票,ballot;票数,N1,1,N1_V0315
N1_K0326,稲,rice plant,N1,2,N1_V0316 N1_V0396
N1_K0327,胞,cell; placenta,N1,1,N1_V0317
N1_K0328,懸,hang; concern,N1,1,N1_V0318
N1_K0329,稿,draft; manuscript,N1,1,N1_V0319
N1_K0330,塚,mound,N1,1,N1_V0320
N1_K0331,盤,board; disk,N1,1,N1_V0321
N1_K0332,災,disaster,N1,2,N1_V0322 N1_V1006
N1_K0333,曹,sergeant; official,N1,1,N1_V0323
N1_K0334,尽,exhaust;尽力,N1,1,N1_V0324
N1_K0335,嫁,bride; marry,N1,1,N1_V0325
N1_K0336,繁,prosper;繁栄,N1,3,N1_V0192 N1_V0326 N1_V0570
N1_K0337,即,immediate,N1,1,N1_V0327
N1_K0338,帳,book; curtain,N1,1,N1_V0328
N1_K0339,飾,decorate,N1,1,N1_V0329
N1_K0340,沿,along; follow,N1,1,N1_V0330
N1_K0341,獲,capture; obtain,N1,1,N1_V0331
N1_K0342,伴,accompany,N1,1,N1_V0332
N1_K0343,唐,Tang; China,N1,1,N1_V0333
N1_K0344,狭,narrow,N1,1,N1_V0334
N1_K0345,添,add; accompany,N1,1,N1_V0335
N1_K0346,剤,medicine; agent,N1,2,N1_V0336 N1_V0837
N1_K0347,魅,charm,N1,1,N1_V0337
N1_K0348,契,contract; pledge,N1,1,N1_V0338
N1_K0349,邪,wicked;邪魔,N1,1,N1_V0339
N1_K0350,挑,challenge,N1,1,N1_V0340
N1_K0351,免,exempt;免許,N1,2,N1_V0341 N1_V1040
N1_K0352,爵,nobility rank,N1,2,N1_V0260 N1_V0342
N1_K0353,択,choose,N1,1,N1_V0343
N1_K0354,廊,corridor,N1,1,N1_V0344
N1_K0355,析,analyze,N1,1,N1_V0345
N1_K0356,輩,fellow; group,N1,1,N1_V0346
N1_K0357,敏,quick; clever,N1,1,N1_V0347
N1_K0358,鶴,crane,N1,1,N1_V0348
N1_K0359,虚,empty; false,N1,2,N1_V0349 N1_V0642
N1_K0360,往,go; past,N1,1,N1_V0350
N1_K0361,趣,gist;趣味,N1,2,N1_V0351 N1_V0497
N1_K0362,烈,violent; intense,N1,1,N1_V0352
N1_K0363,索,search; rope,N1,2,N1_V0353 N1_V0870
N1_K0364,匂,fragrance,N1,1,N1_V0354
N1_K0365,摩,rub; friction,N1,1,N1_V0355
N1_K0366,菊,chrysanthemum,N1,1,N1_V0356
N1_K0367,滑,slip; smooth,N1,1,N1_V0357
N1_K0368,沙,sand,N1,2,N1_V0358 N1_V0747
N1_K0369,裸,naked,N1,1,N1_V0359
N1_K0370,孝,filial piety,N1,1,N1_V0360
N1_K0371,綱,rope; guideline,N1,1,N1_V0361
N1_K0372,邸,residence,N1,1,N1_V0362
N1_K0373,邦,country; Japan,N1,1,N1_V0363
N1_K0374,揚,raise; fry,N1,1,N1_V0364
N1_K0375,卓,table;卓越,N1,1,N1_V0365
N1_K0376,騎,horse riding,N1,1,N1_V0366
N1_K0377,墓,grave,N1,1,N1_V0367
N1_K0378,姫,princess,N1,1,N1_V0368
N1_K0379,孔,hole;孔子,N1,2,N1_V0369 N1_V0778
N1_K0380,耐,endure,N1,2,N1_V0251 N1_V0370
N1_K0381,須,must;須要,N1,1,N1_V0371
N1_K0382,臨,face; attend,N1,1,N1_V0372
N1_K0383,献,offer; dedicate,N1,1,N1_V0373
N1_K0384,脈,vein; pulse,N1,1,N1_V0374
N1_K0385,芝,lawn,N1,1,N1_V0375
N1_K0386,唱,chant; advocate,N1,2,N1_V0376 N1_V0822
N1_K0387,亭,pavilion; restaurant suffix,N1,1,N1_V0377
N1_K0388,誕,birth,N1,1,N1_V0378
N1_K0389,貫,pierce;贯,N1,1,N1_V0379
N1_K0390,偽,false; deceive,N1,2,N1_V0349 N1_V0380
N1_K0391,奮,stir oneself,N1,1,N1_V0054
N1_K0392,桜,cherry blossom,N1,1,N1_V0381
N1_K0393,熟,ripen; skilled,N1,1,N1_V0382
N1_K0394,排,exclude;排除,N1,2,N1_V0383 N1_V1048
N1_K0395,透,transparent; penetrate,N1,1,N1_V0384
N1_K0396,棄,abandon,N1,1,N1_V0385
N1_K0397,削,shave; reduce,N1,1,N1_V0386
N1_K0398,奏,play music; report,N1,1,N1_V0387
N1_K0399,幻,illusion,N1,1,N1_V0388
N1_K0400,麗,beautiful,N1,1,N1_V0389
N1_K0401,逮,apprehend; catch,N1,1,N1_V0390
N1_K0402,誠,sincerity,N1,1,N1_V0391
N1_K0403,炎,flame,N1,2,N1_V0392 N1_V0694
N1_K0404,椅,chair,N1,1,N1_V0393
N1_K0405,寛,broad; tolerant,N1,1,N1_V0394
N1_K0406,斉,equal;齐,N1,1,N1_V0395
N1_K0407,穂,ear of grain,N1,1,N1_V0396
N1_K0408,兼,concurrently; combine,N1,1,N1_V0397
N1_K0409,飼,raise animals,N1,1,N1_V0398
N1_K0410,促,urge; accelerate,N1,1,N1_V0399
N1_K0411,尚,still; esteem,N1,1,N1_V0400
N1_K0412,彩,coloring,N1,2,N1_V0401 N1_V0972
N1_K0413,暖,warm,N1,3,N1_V0070 N1_V0402 N1_V0616
N1_K0414,俗,custom; vulgar,N1,1,N1_V0403
N1_K0415,較,compare,N1,1,N1_V0404
N1_K0416,傍,beside,N1,1,N1_V0405
N1_K0417,肝,liver; core,N1,1,N1_V0406
N1_K0418,畑,field,N1,2,N1_V0407 N1_V0734
N1_K0419,峰,peak,N1,1,N1_V0408
N1_K0420,抵,resist,N1,1,N1_V0112
N1_K0421,恩,favor; grace,N1,2,N1_V0098 N1_V0819
N1_K0422,誇,boast; pride,N1,1,N1_V0409
N1_K0423,網,net; network,N1,1,N1_V0410
N1_K0424,渋,astringent; reluctant,N1,1,N1_V0411
N1_K0425,魂,soul,N1,1,N1_V0412
N1_K0426,牧,pasture; shepherd,N1,1,N1_V0413
N1_K0427,控,refrain; note down,N1,1,N1_V0414
N1_K0428,紛,confuse; distract,N1,1,N1_V0415
N1_K0429,戒,admonish;戒律,N1,2,N1_V0416 N1_V0792
N1_K0430,没,sink; die,N1,2,N1_V0417 N1_V0458
N1_K0431,既,already,N1,1,N1_V0418
N1_K0432,股,thigh; crotch,N1,1,N1_V0419
N1_K0433,脅,threaten,N1,1,N1_V0420
N1_K0434,征,conquer; campaign,N1,1,N1_V0421
N1_K0435,覆,cover; overturn,N1,1,N1_V0422
N1_K0436,郡,county; district,N1,1,N1_V0423
N1_K0437,丘,hill,N1,1,N1_V0424
N1_K0438,佳,excellent; beautiful,N1,1,N1_V0425
N1_K0439,叔,uncle/aunt element,N1,1,N1_V0426
N1_K0440,託,entrust,N1,1,N1_V0427
N1_K0441,哀,sorrow,N1,2,N1_V0428 N1_V0945
N1_K0442,肥,fertile; fat,N1,2,N1_V0429 N1_V1071
N1_K0443,朗,bright; cheerful,N1,1,N1_V0430
N1_K0444,慎,careful; prudent,N1,2,N1_V0431 N1_V0970
N1_K0445,悠,calm; distant,N1,1,N1_V0432
N1_K0446,眉,eyebrow,N1,1,N1_V0433
N1_K0447,拒,refuse,N1,1,N1_V0434
N1_K0448,概,outline; general,N1,1,N1_V0435
N1_K0449,顧,look back; consider,N1,1,N1_V0436
N1_K0450,腐,rot; decay,N1,1,N1_V0437
N1_K0451,挨,approach; greeting element,N1,1,N1_V0438
N1_K0452,孤,orphan; alone,N1,1,N1_V0439
N1_K0453,拶,press; greeting element,N1,1,N1_V0438
N1_K0454,却,reject; retreat,N1,1,N1_V0440
N1_K0455,賊,thief; rebel,N1,1,N1_V0441
N1_K0456,荘,villa;庄,N1,1,N1_V0442
N1_K0457,匠,artisan,N1,1,N1_V0443
N1_K0458,悔,regret,N1,1,N1_V0444
N1_K0459,獄,prison,N1,1,N1_V0445
N1_K0460,滞,stagnate; stay,N1,2,N1_V0411 N1_V0446
N1_K0461,遇,meet; treatment,N1,1,N1_V0447
N1_K0462,淡,pale;淡水,N1,1,N1_V0448
N1_K0463,購,purchase,N1,1,N1_V0449
N1_K0464,併,combine,N1,1,N1_V0450
N1_K0465,崇,revere,N1,1,N1_V0451
N1_K0466,唯,only,N1,1,N1_V0452
N1_K0467,垂,hang down,N1,1,N1_V0453
N1_K0468,岐,branch; fork,N1,2,N1_V0454 N1_V0855
N1_K0469,俳,haiku; actor,N1,2,N1_V0455 N1_V1056
N1_K0470,斜,diagonal; slant,N1,1,N1_V0456
N1_K0471,嬢,young lady,N1,1,N1_V0457
N1_K0472,陥,fall into; trap,N1,1,N1_V0458
N1_K0473,償,compensate,N1,1,N1_V0459
N1_K0474,鑑,model;鉴,N1,1,N1_V0460
N1_K0475,勧,recommend; urge,N1,1,N1_V0461
N1_K0476,葬,bury,N1,1,N1_V0462
N1_K0477,焦,burn;焦点,N1,1,N1_V0463
N1_K0478,剛,strong; sturdy,N1,1,N1_V0464
N1_K0479,膨,swell,N1,1,N1_V0465
N1_K0480,廷,court,N1,1,N1_V0466
N1_K0481,紫,purple,N1,1,N1_V0467
N1_K0482,銘,inscription; brand,N1,1,N1_V0468
N1_K0483,鎌,sickle,N1,1,N1_V0469
N1_K0484,菌,germ; fungus,N1,1,N1_V0470
N1_K0485,稼,earn; operate,N1,1,N1_V0471
N1_K0486,譲,yield; transfer,N1,1,N1_V0472
N1_K0487,随,follow,N1,1,N1_V0473
N1_K0488,猛,fierce,N1,2,N1_V0352 N1_V0531
N1_K0489,遂,accomplish,N1,1,N1_V0474
N1_K0490,冒,risk;冒険,N1,1,N1_V0475
N1_K0491,泰,peaceful; grand,N1,1,N1_V0476
N1_K0492,翼,wing,N1,1,N1_V0477
N1_K0493,凄,terrific;凄惨,N1,1,N1_V0478
N1_K0494,序,order; preface,N1,2,N1_V0479 N1_V0672
N1_K0495,扉,door,N1,1,N1_V0480
N1_K0496,是,right; this,N1,1,N1_V0481
N1_K0497,寸,measurement; tiny,N1,1,N1_V0482
N1_K0498,賃,fare; wages,N1,1,N1_V0483
N1_K0499,偵,spy; investigate,N1,1,N1_V0484
N1_K0500,澄,clear;澄む,N1,1,N1_V0485
N1_K0501,殊,especially; unusual,N1,1,N1_V0486
N1_K0502,緩,loose;缓,N1,1,N1_V0487
N1_K0503,頑,stubborn,N1,1,N1_V0488
N1_K0504,紋,crest; pattern,N1,1,N1_V0489
N1_K0505,糖,sugar,N1,1,N1_V0490
N1_K0506,煮,boil; simmer,N1,1,N1_V0491
N1_K0507,芳,fragrant; favorable,N1,1,N1_V0492
N1_K0508,惨,miserable; cruel,N1,2,N1_V0478 N1_V0493
N1_K0509,歓,joy,N1,1,N1_V0494
N1_K0510,虐,oppress; cruel,N1,1,N1_V0495
N1_K0511,喉,throat,N1,1,N1_V0496
N1_K0512,旨,gist; tasty,N1,1,N1_V0497
N1_K0513,凝,congeal; concentrate,N1,1,N1_V0498
N1_K0514,圏,sphere; zone,N1,1,N1_V0499
N1_K0515,拭,wipe,N1,1,N1_V0500
N1_K0516,涯,horizon; limit,N1,1,N1_V0501
N1_K0517,貞,chastity; upright,N1,1,N1_V0502
N1_K0518,堅,hard; firm,N1,1,N1_V0503
N1_K0519,倫,ethics; relations,N1,1,N1_V0504
N1_K0520,壇,platform,N1,1,N1_V0505
N1_K0521,呉,Wu; give,N1,1,N1_V0506
N1_K0522,暇,free time,N1,1,N1_V0507
N1_K0523,貌,appearance,N1,1,N1_V0508
N1_K0524,塞,block; fortress,N1,2,N1_V0509 N1_V0931
N1_K0525,噴,spout; eject,N1,1,N1_V0510
N1_K0526,婆,old woman,N1,1,N1_V0511
N1_K0527,岳,mountain peak,N1,1,N1_V0512
N1_K0528,蹴,kick,N1,1,N1_V0513
N1_K0529,鍵,key,N1,1,N1_V0514
N1_K0530,膳,meal tray,N1,1,N1_V0515
N1_K0531,尺,shaku; measure,N1,1,N1_V0516
N1_K0532,罰,punishment,N1,1,N1_V0517
N1_K0533,漏,leak,N1,1,N1_V0518
N1_K0534,朱,vermilion,N1,1,N1_V0519
N1_K0535,覧,view; inspect,N1,2,N1_V0520 N1_V0921
N1_K0536,漂,drift,N1,1,N1_V0521
N1_K0537,汁,juice; soup,N1,2,N1_V0522 N1_V0724
N1_K0538,寂,lonely; quiet,N1,1,N1_V0523
N1_K0539,嘆,sigh; lament,N1,1,N1_V0524
N1_K0540,禅,Zen,N1,1,N1_V0525
N1_K0541,浄,clean; pure,N1,1,N1_V0526
N1_K0542,酷,cruel; severe,N1,2,N1_V0527 N1_V0666
N1_K0543,刃,blade,N1,1,N1_V0528
N1_K0544,漫,casual; rambling,N1,1,N1_V0529
N1_K0545,霧,fog,N1,1,N1_V0530
N1_K0546,暑,hot weather,N1,1,N1_V0531
N1_K0547,棚,shelf,N1,1,N1_V0532
N1_K0548,袖,sleeve,N1,1,N1_V0533
N1_K0549,壮,robust; grand,N1,1,N1_V0534
N1_K0550,旬,season; ten-day period,N1,1,N1_V0535
N1_K0551,彫,carve,N1,1,N1_V0536
N1_K0552,需,demand,N1,1,N1_V0537
N1_K0553,鎖,chain,N1,1,N1_V0538
N1_K0554,潰,crush; collapse,N1,1,N1_V0539
N1_K0555,縦,vertical,N1,1,N1_V0540
N1_K0556,粧,makeup; adorn,N1,1,N1_V0541
N1_K0557,慌,flustered,N1,1,N1_V0542
N1_K0558,穏,calm,N1,1,N1_V0543
N1_K0559,枠,frame,N1,1,N1_V0544
N1_K0560,謎,riddle,N1,1,N1_V0545
N1_K0561,誉,honor; praise,N1,1,N1_V0546
N1_K0562,逸,deviate; excellent,N1,1,N1_V0547
N1_K0563,駒,chess piece; horse,N1,1,N1_V0548
N1_K0564,惜,regret;惜別,N1,1,N1_V0549
N1_K0565,措,set aside; measure,N1,1,N1_V0550
N1_K0566,晶,crystal; sparkle,N1,1,N1_V0551
N1_K0567,琴,koto,N1,1,N1_V0552
N1_K0568,摂,take in;摄,N1,1,N1_V0553
N1_K0569,拍,clap; beat,N1,1,N1_V0554
N1_K0570,稽,consider; practice,N1,1,N1_V0555
N1_K0571,礎,foundation stone,N1,1,N1_V0556
N1_K0572,遭,encounter,N1,1,N1_V0557
N1_K0573,掌,palm; manage,N1,1,N1_V0558
N1_K0574,鍋,pot,N1,1,N1_V0559
N1_K0575,弓,bow,N1,1,N1_V0560
N1_K0576,克,overcome,N1,1,N1_V0561
N1_K0577,据,install; set,N1,1,N1_V0562
N1_K0578,胆,gallbladder; courage,N1,2,N1_V0412 N1_V0563
N1_K0579,跳,jump,N1,1,N1_V0564
N1_K0580,縛,bind,N1,1,N1_V0565
N1_K0581,鎮,calm; suppress,N1,1,N1_V0566
N1_K0582,雷,thunder,N1,1,N1_V0567
N1_K0583,恨,grudge,N1,1,N1_V0568
N1_K0584,顕,appear; prominent,N1,1,N1_V0569
N1_K0585,殖,multiply; breed,N1,1,N1_V0570
N1_K0586,寧,peaceful; rather,N1,1,N1_V0176
N1_K0587,湧,well up,N1,1,N1_V0571
N1_K0588,棋,board game,N1,1,N1_V0572
N1_K0589,巧,skillful,N1,1,N1_V0573
N1_K0590,浸,soak; immerse,N1,1,N1_V0574
N1_K0591,桃,peach,N1,1,N1_V0575
N1_K0592,隔,separate,N1,1,N1_V0576
N1_K0593,班,group; squad,N1,1,N1_V0577
N1_K0594,甚,very;甚大,N1,1,N1_V0578
N1_K0595,妊,pregnancy,N1,1,N1_V0579
N1_K0596,祉,welfare,N1,1,N1_V0580
N1_K0597,獣,beast,N1,1,N1_V0581
N1_K0598,疾,disease; rapid,N1,1,N1_V0582
N1_K0599,塾,cram school,N1,1,N1_V0583
N1_K0600,潟,lagoon,N1,1,N1_V0584
N1_K0601,撲,strike; beat,N1,1,N1_V0585
N1_K0602,塊,clump; mass,N1,1,N1_V0586
N1_K0603,絞,strangle; squeeze,N1,1,N1_V0587
N1_K0604,履,wear;履歴,N1,1,N1_V0588
N1_K0605,苗,seedling,N1,1,N1_V0589
N1_K0606,芋,potato,N1,1,N1_V0590
N1_K0607,冗,redundant; superfluous,N1,1,N1_V0591
N1_K0608,陶,pottery,N1,1,N1_V0592
N1_K0609,励,encourage,N1,1,N1_V0593
N1_K0610,陳,state; display,N1,1,N1_V0594
N1_K0611,猿,monkey,N1,1,N1_V0595
N1_K0612,葛,kudzu,N1,1,N1_V0596
N1_K0613,傘,umbrella,N1,1,N1_V0597
N1_K0614,啓,enlighten; open,N1,1,N1_V0598
N1_K0615,劣,inferior,N1,2,N1_V0599 N1_V0634
N1_K0616,撤,remove; withdraw,N1,1,N1_V0600
N1_K0617,殴,strike; beat,N1,1,N1_V0601
N1_K0618,盾,shield,N1,1,N1_V0602
N1_K0619,衰,decline,N1,1,N1_V0603
N1_K0620,滝,waterfall,N1,1,N1_V0604
N1_K0621,慰,console,N1,1,N1_V0605
N1_K0622,蛇,snake,N1,1,N1_V0606
N1_K0623,梨,pear,N1,1,N1_V0607
N1_K0624,癖,habit,N1,1,N1_V0608
N1_K0625,潤,moist; profit,N1,1,N1_V0609
N1_K0626,鉢,bowl,N1,1,N1_V0610
N1_K0627,戯,play; joke,N1,1,N1_V0611
N1_K0628,腸,intestine,N1,1,N1_V0612
N1_K0629,偏,lean; partial,N1,1,N1_V0613
N1_K0630,巣,nest,N1,1,N1_V0614
N1_K0631,宴,banquet,N1,1,N1_V0615
N1_K0632,炉,hearth; furnace,N1,1,N1_V0616
N1_K0633,棟,ridge; building counter,N1,1,N1_V0617
N1_K0634,洞,cave,N1,2,N1_V0245 N1_V0618
N1_K0635,狩,hunt,N1,1,N1_V0619
N1_K0636,陛,imperial steps,N1,1,N1_V0620
N1_K0637,磁,magnetism,N1,1,N1_V0621
N1_K0638,潔,clean; pure,N1,1,N1_V0622
N1_K0639,膜,membrane,N1,1,N1_V0623
N1_K0640,乏,scarce,N1,1,N1_V0624
N1_K0641,祥,auspicious,N1,1,N1_V0625
N1_K0642,曽,formerly,N1,1,N1_V0626
N1_K0643,舗,shop; pavement,N1,1,N1_V0627
N1_K0644,抽,extract,N1,1,N1_V0628
N1_K0645,睡,sleep,N1,1,N1_V0629
N1_K0646,賭,gamble,N1,1,N1_V0630
N1_K0647,括,bundle; summarize,N1,1,N1_V0631
N1_K0648,貢,tribute; contribute,N1,1,N1_V0373
N1_K0649,犠,sacrifice,N1,1,N1_V0632
N1_K0650,粗,coarse; rough,N1,1,N1_V0633
N1_K0651,卑,lowly; base,N1,1,N1_V0634
N1_K0652,貼,stick; paste,N1,1,N1_V0635
N1_K0653,拉,kidnap; pull,N1,1,N1_V0636
N1_K0654,牲,sacrifice; animal,N1,1,N1_V0632
N1_K0655,帆,sail,N1,1,N1_V0637
N1_K0656,挿,insert,N1,1,N1_V0638
N1_K0657,翻,turn over; translate,N1,2,N1_V0120 N1_V0847
N1_K0658,羊,sheep,N1,1,N1_V0639
N1_K0659,枕,pillow,N1,1,N1_V0640
N1_K0660,錯,confused; mix,N1,1,N1_V0641
N1_K0661,謙,humble,N1,2,N1_V0642 N1_V1013
N1_K0662,珠,pearl; bead,N1,1,N1_V0643
N1_K0663,蓄,store; accumulate,N1,1,N1_V0644
N1_K0664,拓,open land; expand,N1,1,N1_V0645
N1_K0665,鼓,drum;鼓舞,N1,1,N1_V0646
N1_K0666,粋,chic; essence,N1,1,N1_V0647
N1_K0667,尉,officer rank,N1,1,N1_V0648
N1_K0668,后,empress,N1,1,N1_V0649
N1_K0669,粘,sticky,N1,2,N1_V0623 N1_V0650
N1_K0670,披,expose; open,N1,1,N1_V0651
N1_K0671,徐,slowly,N1,1,N1_V0652
N1_K0672,悦,joy,N1,1,N1_V0653
N1_K0673,堪,endure,N1,1,N1_V0654
N1_K0674,冠,crown,N1,1,N1_V0655
N1_K0675,愉,pleasant,N1,1,N1_V0656
N1_K0676,尿,urine,N1,1,N1_V0657
N1_K0677,顎,jaw,N1,1,N1_V0658
N1_K0678,誓,vow,N1,1,N1_V0659
N1_K0679,憂,grief; anxiety,N1,1,N1_V0660
N1_K0680,簿,register; ledger,N1,1,N1_V0661
N1_K0681,糧,food; provisions,N1,1,N1_V0662
N1_K0682,架,rack;架橋,N1,1,N1_V0663
N1_K0683,芽,bud; sprout,N1,1,N1_V0664
N1_K0684,軸,axis; shaft,N1,1,N1_V0665
N1_K0685,苛,harsh; torment,N1,1,N1_V0666
N1_K0686,蓋,lid; cover,N1,1,N1_V0667
N1_K0687,盆,tray; Bon festival,N1,1,N1_V0668
N1_K0688,凶,bad luck,N1,1,N1_V0669
N1_K0689,妃,princess; consort,N1,1,N1_V0670
N1_K0690,庶,common; various,N1,1,N1_V0671
N1_K0691,秩,order;秩序,N1,1,N1_V0672
N1_K0692,裾,hem,N1,1,N1_V0673
N1_K0693,幽,faint; secluded,N1,1,N1_V0674
N1_K0694,凡,ordinary,N1,2,N1_V0675 N1_V1001
N1_K0695,漠,vague; desert,N1,2,N1_V0358 N1_V0676
N1_K0696,拙,clumsy,N1,1,N1_V0677
N1_K0697,恒,constant,N1,1,N1_V0678
N1_K0698,暦,calendar,N1,1,N1_V0679
N1_K0699,腫,swelling; tumor,N1,1,N1_V0680
N1_K0700,峠,mountain pass,N1,1,N1_V0681
N1_K0701,宰,oversee; minister,N1,1,N1_V0682
N1_K0702,蛮,barbarian; savage,N1,1,N1_V0683
N1_K0703,窮,distress; cornered,N1,1,N1_V0684
N1_K0704,擦,rub,N1,1,N1_V0355
N1_K0705,爪,claw; nail,N1,1,N1_V0685
N1_K0706,稚,young; immature,N1,1,N1_V0686
N1_K0707,辱,humiliate,N1,2,N1_V0687 N1_V0895
N1_K0708,嵐,storm,N1,1,N1_V0688
N1_K0709,憤,indignation,N1,1,N1_V0689
N1_K0710,癒,heal,N1,1,N1_V0690
N1_K0711,鬱,gloom; depression,N1,1,N1_V0660
N1_K0712,疎,sparse;疎外,N1,1,N1_V0691
N1_K0713,雰,atmosphere element,N1,1,N1_V0692
N1_K0714,彰,make clear; praise,N1,1,N1_V0693
N1_K0715,肺,lung,N1,1,N1_V0694
N1_K0716,傑,great; outstanding,N1,1,N1_V0695
N1_K0717,拘,restrain; arrest,N1,1,N1_V0696
N1_K0718,頻,frequent,N1,1,N1_V0697
N1_K0719,緯,latitude; weft,N1,1,N1_V0698
N1_K0720,妖,bewitching; supernatural,N1,1,N1_V0699
N1_K0721,豚,pig,N1,1,N1_V0700
N1_K0722,藍,indigo,N1,1,N1_V0701
N1_K0723,矛,spear,N1,1,N1_V0602
N1_K0724,鍛,forge; train,N1,1,N1_V0702
N1_K0725,繊,fine; fiber,N1,1,N1_V0703
N1_K0726,縫,sew,N1,1,N1_V0704
N1_K0727,把,grasp; bundle,N1,1,N1_V0705
N1_K0728,楼,tower,N1,1,N1_V0706
N1_K0729,捉,catch; grasp,N1,1,N1_V0707
N1_K0730,漬,pickle; soak,N1,1,N1_V0708
N1_K0731,紳,gentleman,N1,1,N1_V0709
N1_K0732,飽,satiated; bored,N1,1,N1_V0710
N1_K0733,宛,address; to,N1,1,N1_V0711
N1_K0734,閥,clique,N1,1,N1_V0712
N1_K0735,旋,rotate,N1,1,N1_V0713
N1_K0736,坪,tsubo measure,N1,1,N1_V0714
N1_K0737,崖,cliff,N1,1,N1_V0715
N1_K0738,叱,scold,N1,1,N1_V0716
N1_K0739,鶏,chicken,N1,1,N1_V0717
N1_K0740,峡,gorge,N1,1,N1_V0718
N1_K0741,溝,ditch; groove,N1,1,N1_V0719
N1_K0742,朴,simple; plain,N1,1,N1_V0720
N1_K0743,軌,track; orbit,N1,1,N1_V0721
N1_K0744,瓦,tile,N1,1,N1_V0722
N1_K0745,喪,mourning; loss,N1,1,N1_V0723
N1_K0746,墨,ink,N1,1,N1_V0724
N1_K0747,疫,epidemic,N1,1,N1_V0725
N1_K0748,遍,everywhere; times,N1,1,N1_V0726
N1_K0749,濁,muddy; voiced,N1,1,N1_V0727
N1_K0750,扇,fan,N1,1,N1_V0728
N1_K0751,拳,fist,N1,1,N1_V0729
N1_K0752,乙,second; strange,N1,1,N1_V0730
N1_K0753,酵,fermentation,N1,1,N1_V0731
N1_K0754,堤,embankment,N1,1,N1_V0732
N1_K0755,阻,obstruct,N1,1,N1_V0733
N1_K0756,桑,mulberry,N1,1,N1_V0734
N1_K0757,虜,captive,N1,1,N1_V0735
N1_K0758,乞,beg,N1,1,N1_V0736
N1_K0759,恭,respectful,N1,1,N1_V0737
N1_K0760,鐘,bell,N1,1,N1_V0738
N1_K0761,剰,surplus,N1,1,N1_V0739
N1_K0762,慈,mercy,N1,1,N1_V0740
N1_K0763,径,diameter; path,N1,1,N1_V0741
N1_K0764,培,cultivate,N1,1,N1_V0742
N1_K0765,擁,embrace; support,N1,1,N1_V0743
N1_K0766,郭,enclosure,N1,1,N1_V0744
N1_K0767,呪,curse,N1,1,N1_V0745
N1_K0768,砕,shatter,N1,1,N1_V0746
N1_K0769,汰,select; wash away,N1,1,N1_V0747
N1_K0770,勃,rise suddenly,N1,1,N1_V0748
N1_K0771,翁,old man,N1,1,N1_V0749
N1_K0772,絹,silk,N1,1,N1_V0750
N1_K0773,譜,music score; genealogy,N1,1,N1_V0751
N1_K0774,陵,mausoleum; hill,N1,1,N1_V0424
N1_K0775,痴,foolish;痴呆,N1,2,N1_V0282 N1_V0752
N1_K0776,笛,flute,N1,1,N1_V0753
N1_K0777,昧,obscure,N1,1,N1_V0754
N1_K0778,訟,lawsuit,N1,1,N1_V0191
N1_K0779,唾,saliva,N1,1,N1_V0755
N1_K0780,肪,fat,N1,1,N1_V0756
N1_K0781,塀,wall,N1,1,N1_V0757
N1_K0782,碁,Go game,N1,1,N1_V0758
N1_K0783,敢,daring,N1,1,N1_V0759
N1_K0784,塁,base; fort,N1,1,N1_V0760
N1_K0785,暁,dawn,N1,1,N1_V0761
N1_K0786,胴,trunk; torso,N1,1,N1_V0762
N1_K0787,謡,chant; song,N1,1,N1_V0763
N1_K0788,飢,hunger,N1,1,N1_V0764
N1_K0789,欄,column; rail,N1,1,N1_V0765
N1_K0790,艶,gloss; charm,N1,1,N1_V0766
N1_K0791,痕,mark; scar,N1,2,N1_V0685 N1_V0767
N1_K0792,怠,neglect,N1,2,N1_V0768 N1_V1054
N1_K0793,欺,deceive,N1,1,N1_V0769
N1_K0794,弦,string; chord,N1,1,N1_V0770
N1_K0795,泡,bubble,N1,1,N1_V0771
N1_K0796,諦,give up; truth,N1,1,N1_V0772
N1_K0797,伐,cut down,N1,1,N1_V0773
N1_K0798,餅,rice cake,N1,1,N1_V0774
N1_K0799,寮,dormitory,N1,1,N1_V0775
N1_K0800,厄,misfortune,N1,1,N1_V0776
N1_K0801,奔,run wildly,N1,1,N1_V0777
N1_K0802,瞳,pupil of eye,N1,1,N1_V0778
N1_K0803,昆,descendants; insect element,N1,1,N1_V0779
N1_K0804,椎,chinquapin; vertebra,N1,1,N1_V0780
N1_K0805,懇,cordial; earnest,N1,1,N1_V0781
N1_K0806,唄,song,N1,1,N1_V0782
N1_K0807,渦,whirlpool,N1,1,N1_V0783
N1_K0808,襟,collar,N1,1,N1_V0784
N1_K0809,吟,chant;吟味,N1,1,N1_V0785
N1_K0810,覇,supremacy,N1,1,N1_V0786
N1_K0811,衡,balance,N1,1,N1_V0787
N1_K0812,呈,present; display,N1,1,N1_V0788
N1_K0813,隙,gap,N1,1,N1_V0789
N1_K0814,淫,lewd; excessive,N1,1,N1_V0790
N1_K0815,娠,pregnancy,N1,1,N1_V0579
N1_K0816,循,circulate; follow,N1,1,N1_V0791
N1_K0817,懲,punish; chastise,N1,1,N1_V0792
N1_K0818,錦,brocade,N1,1,N1_V0793
N1_K0819,猟,hunt,N1,1,N1_V0619
N1_K0820,幣,currency; offering,N1,1,N1_V0794
N1_K0821,附,attach;附属,N1,1,N1_V0795
N1_K0822,箇,counter; item,N1,1,N1_V0796
N1_K0823,醜,ugly,N1,1,N1_V0797
N1_K0824,箸,chopsticks,N1,1,N1_V0798
N1_K0825,戚,relative; grief,N1,1,N1_V0799
N1_K0826,喚,call; shout,N1,1,N1_V0800
N1_K0827,紺,dark blue,N1,1,N1_V0801
N1_K0828,某,certain; some,N1,1,N1_V0802
N1_K0829,鋼,steel,N1,1,N1_V0803
N1_K0830,褒,praise,N1,1,N1_V0804
N1_K0831,赴,proceed; go to,N1,1,N1_V0805
N1_K0832,媒,mediate; medium,N1,1,N1_V0806
N1_K0833,妬,jealous,N1,1,N1_V0807
N1_K0834,遮,block; intercept,N1,1,N1_V0808
N1_K0835,窯,kiln,N1,1,N1_V0809
N1_K0836,侯,marquis; lord,N1,1,N1_V0810
N1_K0837,釜,kettle,N1,1,N1_V0811
N1_K0838,茎,stem,N1,1,N1_V0812
N1_K0839,蔑,despise,N1,1,N1_V0813
N1_K0840,嗅,smell; sniff,N1,1,N1_V0814
N1_K0841,壌,soil,N1,1,N1_V0815
N1_K0842,蜜,honey,N1,1,N1_V0816
N1_K0843,尼,nun,N1,1,N1_V0817
N1_K0844,肢,limb,N1,1,N1_V0818
N1_K0845,赦,pardon,N1,1,N1_V0819
N1_K0846,酬,repay; reward,N1,1,N1_V0820
N1_K0847,戴,receive humbly; crown,N1,1,N1_V0821
N1_K0848,詠,compose; recite,N1,1,N1_V0822
N1_K0849,斗,measure; ladle,N1,1,N1_V0823
N1_K0850,宜,suitable,N1,1,N1_V0824
N1_K0851,殻,shell,N1,1,N1_V0825
N1_K0852,墳,mound; tomb,N1,1,N1_V0826
N1_K0853,炊,cook rice,N1,1,N1_V0827
N1_K0854,碑,monument,N1,1,N1_V0828
N1_K0855,痩,thin; lose weight,N1,1,N1_V0829
N1_K0856,但,however,N1,1,N1_V0830
N1_K0857,奨,encourage,N1,1,N1_V0831
N1_K0858,践,practice; tread,N1,1,N1_V0832
N1_K0859,滋,nourish,N1,1,N1_V0833
N1_K0860,儒,Confucian,N1,1,N1_V0834
N1_K0861,薦,recommend,N1,1,N1_V0104
N1_K0862,怨,resentment,N1,1,N1_V0568
N1_K0863,栽,plant; cultivate,N1,1,N1_V0742
N1_K0864,刈,cut; reap,N1,1,N1_V0835
N1_K0865,閑,leisure; quiet,N1,1,N1_V0836
N1_K0866,錠,lock; tablet,N1,1,N1_V0837
N1_K0867,扶,help; support,N1,1,N1_V0838
N1_K0868,妥,proper; compromise,N1,1,N1_V0839
N1_K0869,妨,hinder,N1,1,N1_V0840
N1_K0870,醒,awaken; sober,N1,1,N1_V0841
N1_K0871,詣,visit a shrine,N1,1,N1_V0842
N1_K0872,胎,womb; fetus,N1,1,N1_V0843
N1_K0873,窟,cave,N1,1,N1_V0618
N1_K0874,巾,cloth; width,N1,1,N1_V0844
N1_K0875,蜂,bee,N1,1,N1_V0816
N1_K0876,忌,mourning; avoid,N1,1,N1_V0845
N1_K0877,骸,bone; corpse,N1,1,N1_V0846
N1_K0878,弄,play with; tamper,N1,1,N1_V0847
N1_K0879,嫉,jealous,N1,1,N1_V0807
N1_K0880,粛,solemn; purge,N1,1,N1_V0848
N1_K0881,罵,abuse verbally,N1,1,N1_V0849
N1_K0882,囚,prisoner,N1,1,N1_V0850
N1_K0883,鉛,lead metal,N1,2,N1_V0851 N1_V0873
N1_K0884,搭,board; load,N1,1,N1_V0852
N1_K0885,諭,admonish; explain,N1,1,N1_V0853
N1_K0886,璧,jade disk; perfection,N1,1,N1_V0854
N1_K0887,阜,hill; mound,N1,1,N1_V0855
N1_K0888,喝,shout;喝采,N1,1,N1_V0856
N1_K0889,享,enjoy; receive,N1,1,N1_V0857
N1_K0890,騰,rise; soar,N1,1,N1_V0858
N1_K0891,嗣,heir; successor,N1,1,N1_V0859
N1_K0892,勅,imperial order,N1,1,N1_V0860
N1_K0893,篤,sincere; serious,N1,1,N1_V0861
N1_K0894,勲,merit,N1,1,N1_V0862
N1_K0895,埼,cape;崎,N1,1,N1_V0863
N1_K0896,伎,deed; skill,N1,1,N1_V0864
N1_K0897,曖,unclear,N1,1,N1_V0754
N1_K0898,詐,deceive,N1,1,N1_V0769
N1_K0899,餌,bait; feed,N1,1,N1_V0865
N1_K0900,岬,cape,N1,1,N1_V0866
N1_K0901,暫,briefly,N1,1,N1_V0867
N1_K0902,爽,refreshing,N1,1,N1_V0868
N1_K0903,肖,resemblance,N1,1,N1_V0869
N1_K0904,詮,discussion; result,N1,1,N1_V0870
N1_K0905,諾,consent,N1,1,N1_V0871
N1_K0906,柿,persimmon,N1,1,N1_V0872
N1_K0907,芯,core,N1,1,N1_V0873
N1_K0908,綻,come apart,N1,1,N1_V0874
N1_K0909,訂,revise,N1,1,N1_V0875
N1_K0910,汽,steam,N1,2,N1_V0753 N1_V0876
N1_K0911,薫,fragrance,N1,1,N1_V0877
N1_K0912,隷,slave,N1,1,N1_V0285
N1_K0913,俵,straw bag,N1,1,N1_V0878
N1_K0914,遷,transition; move,N1,1,N1_V0879
N1_K0915,枢,hinge; center,N1,1,N1_V0880
N1_K0916,肘,elbow,N1,1,N1_V0881
N1_K0917,麓,foot of mountain,N1,1,N1_V0882
N1_K0918,憧,long for,N1,1,N1_V0883
N1_K0919,帥,commander,N1,1,N1_V0884
N1_K0920,漆,lacquer,N1,1,N1_V0885
N1_K0921,酌,pour sake; consider,N1,1,N1_V0886
N1_K0922,頓,sudden; immediately,N1,1,N1_V0887
N1_K0923,賠,compensate,N1,1,N1_V0459
N1_K0924,渇,thirst,N1,1,N1_V0888
N1_K0925,慕,adore,N1,1,N1_V0889
N1_K0926,婿,son-in-law; groom,N1,1,N1_V0890
N1_K0927,妄,reckless; delusion,N1,1,N1_V0891
N1_K0928,慨,lament,N1,2,N1_V0689 N1_V0892
N1_K0929,匿,hide,N1,1,N1_V0893
N1_K0930,渓,valley; stream,N1,1,N1_V0894
N1_K0931,侮,despise,N1,1,N1_V0895
N1_K0932,髄,marrow,N1,2,N1_V0896 N1_V1036
N1_K0933,穀,grain,N1,1,N1_V0897
N1_K0934,薪,firewood,N1,1,N1_V0898
N1_K0935,轄,control; jurisdiction,N1,1,N1_V0899
N1_K0936,洪,flood,N1,1,N1_V0900
N1_K0937,牙,fang,N1,1,N1_V0901
N1_K0938,咽,throat,N1,2,N1_V0496 N1_V0902
N1_K0939,迅,swift,N1,1,N1_V0903
N1_K0940,該,that; applicable,N1,1,N1_V0904
N1_K0941,逐,pursue; one by one,N1,1,N1_V0905
N1_K0942,嘲,ridicule,N1,1,N1_V0906
N1_K0943,墜,fall; crash,N1,1,N1_V0907
N1_K0944,臆,cowardly; conjecture,N1,1,N1_V0908
N1_K0945,餓,starve,N1,1,N1_V0764
N1_K0946,挫,crush; fail,N1,3,N1_V0887 N1_V0909 N1_V0973
N1_K0947,錬,refine; train,N1,1,N1_V0702
N1_K0948,桟,platform; pier,N1,1,N1_V0910
N1_K0949,溺,drown,N1,1,N1_V0911
N1_K0950,賄,bribe; provide,N1,1,N1_V0912
N1_K0951,盲,blind,N1,1,N1_V0913
N1_K0952,鯨,whale,N1,1,N1_V0914
N1_K0953,侶,companion,N1,1,N1_V0258
N1_K0954,艇,small boat,N1,1,N1_V0915
N1_K0955,丼,bowl,N1,1,N1_V0916
N1_K0956,堕,fall; degenerate,N1,1,N1_V0917
N1_K0957,瘍,ulcer,N1,2,N1_V0539 N1_V0680
N1_K0958,槽,vat; tank,N1,1,N1_V0918
N1_K0959,憩,rest,N1,1,N1_V0919
N1_K0960,僅,slight; few,N1,1,N1_V0920
N1_K0961,閲,review; inspect,N1,1,N1_V0921
N1_K0962,柵,fence,N1,1,N1_V0922
N1_K0963,畔,ridge; shore,N1,1,N1_V0923
N1_K0964,睦,intimate; harmonious,N1,1,N1_V0924
N1_K0965,唆,tempt; instigate,N1,1,N1_V0925
N1_K0966,悼,mourn,N1,1,N1_V0428
N1_K0967,吏,official,N1,1,N1_V0926
N1_K0968,穫,harvest,N1,1,N1_V0927
N1_K0969,酢,vinegar,N1,1,N1_V0928
N1_K0970,賜,grant; gift,N1,1,N1_V0929
N1_K0971,腎,kidney,N1,1,N1_V0930
N1_K0972,梗,stem; obstruction,N1,1,N1_V0931
N1_K0973,瑠,lapis element,N1,1,N1_V0932
N1_K0974,羨,envy,N1,1,N1_V0933
N1_K0975,搬,carry,N1,1,N1_V0934
N1_K0976,剖,dissect,N1,1,N1_V0935
N1_K0977,酎,distilled liquor,N1,1,N1_V0936
N1_K0978,畿,capital region,N1,1,N1_V0937
N1_K0979,宵,evening,N1,1,N1_V0938
N1_K0980,拐,kidnap,N1,1,N1_V0939
N1_K0981,醸,brew; foster,N1,1,N1_V0940
N1_K0982,猶,still; further,N1,1,N1_V0941
N1_K0983,諮,consult,N1,1,N1_V0942
N1_K0984,畏,fear; respect,N1,1,N1_V0943
N1_K0985,泌,secrete,N1,1,N1_V0944
N1_K0986,愁,sorrow,N1,1,N1_V0945
N1_K0987,逝,die; depart,N1,1,N1_V0946
N1_K0988,朽,decay,N1,1,N1_V0947
N1_K0989,硫,sulfur,N1,1,N1_V0948
N1_K0990,瞭,clear,N1,1,N1_V0949
N1_K0991,擬,imitate; pseudo-,N1,1,N1_V0950
N1_K0992,叙,describe; confer,N1,1,N1_V0951
N1_K0993,弊,harm;弊害,N1,1,N1_V0952
N1_K0994,累,accumulate; involve,N1,1,N1_V0953
N1_K0995,煩,trouble; vex,N1,1,N1_V0954
N1_K0996,踪,trace,N1,1,N1_V0955
N1_K0997,藻,seaweed,N1,1,N1_V0956
N1_K0998,蚊,mosquito,N1,1,N1_V0957
N1_K0999,栃,horse chestnut,N1,1,N1_V0958
N1_K1000,且,also; moreover,N1,1,N1_V0959
N1_K1001,鋳,cast metal,N1,1,N1_V0960
N1_K1002,蔽,cover; conceal,N1,1,N1_V0961
N1_K1003,茨,thorn,N1,1,N1_V0962
N1_K1004,棺,coffin,N1,1,N1_V0963
N1_K1005,慄,shudder,N1,1,N1_V0964
N1_K1006,傲,proud; arrogant,N1,1,N1_V0965
N1_K1007,硝,nitrate,N1,1,N1_V0966
N1_K1008,舶,ship,N1,1,N1_V0967
N1_K1009,租,tax; rent,N1,1,N1_V0968
N1_K1010,倣,imitate,N1,1,N1_V0969
N1_K1011,謹,respectful; careful,N1,1,N1_V0970
N1_K1012,抹,rub; erase,N1,1,N1_V0971
N1_K1013,虹,rainbow,N1,1,N1_V0972
N1_K1014,捻,twist,N1,1,N1_V0973
N1_K1015,娯,recreation,N1,1,N1_V0974
N1_K1016,臼,mortar,N1,1,N1_V0975
N1_K1017,喩,metaphor,N1,1,N1_V0976
N1_K1018,萎,wither,N1,1,N1_V0977
N1_K1019,蛍,firefly,N1,1,N1_V0978
N1_K1020,窒,choke; nitrogen element,N1,1,N1_V0979
N1_K1021,腺,gland,N1,1,N1_V0980
N1_K1022,桁,beam; digit,N1,1,N1_V0981
N1_K1023,玩,play; toy,N1,1,N1_V0982
N1_K1024,冶,smelting,N1,1,N1_V0983
N1_K1025,羞,shame,N1,1,N1_V0984
N1_K1026,栓,stopper,N1,1,N1_V0985
N1_K1027,惧,fear,N1,1,N1_V0986
N1_K1028,寡,few; widow,N1,1,N1_V0987
N1_K1029,畝,furrow; area unit,N1,1,N1_V0988
N1_K1030,淑,graceful; virtuous,N1,1,N1_V0989
N1_K1031,嫡,legitimate heir,N1,1,N1_V0990
N1_K1032,屯,barracks; station,N1,1,N1_V0991
N1_K1033,糾,investigate; twist,N1,1,N1_V0992
N1_K1034,遡,go upstream; retroactive,N1,1,N1_V0993
N1_K1035,陪,accompany; auxiliary,N1,1,N1_V0994
N1_K1036,雌,female,N1,1,N1_V0995
N1_K1037,舷,gunwale; ship side,N1,1,N1_V0996
N1_K1038,霜,frost,N1,1,N1_V0997
N1_K1039,殉,die for; martyr,N1,1,N1_V0998
N1_K1040,紡,spin thread,N1,1,N1_V0999
N1_K1041,貪,greedy,N1,1,N1_V1000
N1_K1042,庸,ordinary; employment,N1,1,N1_V1001
N1_K1043,韻,rhyme; tone,N1,1,N1_V1002
N1_K1044,繕,mend,N1,1,N1_V1003
N1_K1045,搾,squeeze,N1,1,N1_V1004
N1_K1046,刹,temple; instant,N1,1,N1_V0182
N1_K1047,采,appearance; select,N1,1,N1_V0856
N1_K1048,堆,pile,N1,1,N1_V1005
N1_K1049,禍,calamity,N1,1,N1_V1006
N1_K1050,煎,roast; decoct,N1,1,N1_V1007
N1_K1051,姻,marriage relation,N1,1,N1_V1008
N1_K1052,斑,spot; mottled,N1,1,N1_V1009
N1_K1053,冥,dark; underworld,N1,1,N1_V1010
N1_K1054,抄,extract; copy,N1,1,N1_V1011
N1_K1055,拷,torture,N1,1,N1_V1012
N1_K1056,遜,humble,N1,1,N1_V1013
N1_K1057,旺,flourishing,N1,1,N1_V1014
N1_K1058,准,quasi-; semi-,N1,1,N1_V1015
N1_K1059,勾,curve; hook,N1,1,N1_V1016
N1_K1060,廉,honest; cheap,N1,1,N1_V1017
N1_K1061,礁,reef,N1,1,N1_V1018
N1_K1062,壱,one (formal),N1,1,N1_V1019
N1_K1063,麺,noodles,N1,1,N1_V1020
N1_K1064,升,sho measure,N1,1,N1_V1021
N1_K1065,卸,wholesale,N1,1,N1_V1022
N1_K1066,耗,decrease; consume,N1,1,N1_V1023
N1_K1067,謁,audience,N1,1,N1_V1024
N1_K1068,璃,glass; lapis element,N1,1,N1_V0932
N1_K1069,坑,pit; mine,N1,1,N1_V1025
N1_K1070,串,spit; skewer,N1,1,N1_V1026
N1_K1071,弔,mourn,N1,1,N1_V1027
N1_K1072,賓,guest,N1,1,N1_V1028
N1_K1073,塡,fill,N1,1,N1_V1029
N1_K1074,痢,diarrhea,N1,1,N1_V1030
N1_K1075,嚇,threaten,N1,1,N1_V1031
N1_K1076,濫,excessive; overflow,N1,1,N1_V1032
N1_K1077,俸,salary,N1,1,N1_V1033
N1_K1078,箋,paper; note,N1,1,N1_V1034
N1_K1079,凸,convex,N1,2,N1_V1035 N1_V1039
N1_K1080,脊,spine,N1,2,N1_V0780 N1_V1036
N1_K1081,詔,imperial edict,N1,1,N1_V1037
N1_K1082,緻,fine; precise,N1,1,N1_V1038
N1_K1083,凹,concave,N1,2,N1_V1035 N1_V1039
N1_K1084,罷,quit; dismiss,N1,1,N1_V1040
N1_K1085,漸,gradually,N1,1,N1_V1041
N1_K1086,賦,levy; poem,N1,1,N1_V1042
N1_K1087,弧,arc,N1,1,N1_V1043
N1_K1088,褐,brown,N1,1,N1_V1044
N1_K1089,辣,pungent; severe,N1,1,N1_V1045
N1_K1090,摯,serious; sincere,N1,1,N1_V1046
N1_K1091,汎,general; pan-,N1,1,N1_V1047
N1_K1092,斥,reject; repel,N1,1,N1_V1048
N1_K1093,厘,small unit,N1,1,N1_V1049
N1_K1094,矯,correct; straighten,N1,1,N1_V1050
N1_K1095,毀,destroy; damage,N1,1,N1_V1051
N1_K1096,窃,steal; secretly,N1,1,N1_V1052
N1_K1097,遵,obey,N1,1,N1_V1053
N1_K1098,賂,bribe,N1,1,N1_V0912
N1_K1099,惰,lazy,N1,1,N1_V1054
N1_K1100,蚕,silkworm,N1,1,N1_V1055
N1_K1101,氾,overflow,N1,1,N1_V1032
N1_K1102,諧,harmony; humor,N1,1,N1_V1056
N1_K1103,倹,frugal,N1,1,N1_V1057
N1_K1104,款,article; goodwill,N1,1,N1_V1058
N1_K1105,媛,princess; lady,N1,1,N1_V1059
N1_K1106,憾,regret,N1,1,N1_V1060
N1_K1107,哺,nurse; feed,N1,1,N1_V1061
N1_K1108,衷,inmost; sincerity,N1,1,N1_V1062
N1_K1109,彙,collection,N1,1,N1_V1063
N1_K1110,迭,alternate,N1,1,N1_V1064
N1_K1111,嘱,entrust; request,N1,1,N1_V1065
N1_K1112,恣,selfish; arbitrary,N1,1,N1_V1066
N1_K1113,墾,cultivate land,N1,1,N1_V1067
N1_K1114,逓,relay; gradual,N1,1,N1_V1068
N1_K1115,劾,impeach,N1,1,N1_V1069
N1_K1116,酪,dairy,N1,1,N1_V1070
N1_K1117,沃,fertile,N1,1,N1_V1071
N1_K1118,塑,model; mold,N1,1,N1_V1072
N1_K1119,痘,smallpox,N1,1,N1_V1073
N1_K1120,憬,long for,N1,1,N1_V0883
N1_K1121,朕,imperial we,N1,1,N1_V1074
N1_K1122,虞,fear; concern,N1,1,N1_V1075
N1_K1123,丙,third; fire element,N1,1,N1_V1076
N1_K1124,斤,kin weight; axe,N1,1,N1_V1077
N1_K1125,捗,make progress,N1,1,N1_V1078
N1_K1126,弐,two (formal),N1,1,N1_V1079
N1_K1127,訃,obituary,N1,1,N1_V1080
N1_K1128,謄,copy,N1,1,N1_V1081
N1_K1129,繭,cocoon,N1,1,N1_V1082
N1_K1130,璽,imperial seal,N1,1,N1_V1083
N1_K1131,頒,distribute,N1,1,N1_V1084
N1_K1132,楷,standard script,N1,1,N1_V1085
N1_K1133,剥,peel,N1,1,N1_V1086
N1_K1134,籠,basket; confine,N1,1,N1_V1087
N1_K1135,錮,confine,N1,1,N1_V1088
N1_K1136,頰,cheek,N1,1,N1_V1089
